use VETERINARIA;
INSERT INTO raza (nombre, descripcion) 
VALUES ('Labrador Retriever', 'Raza de perro originaria de Terranova, en Canadá'),
		('Pastor Alemán', 'Raza de perro originaria de Alemania'),
		('Golden Retriever', 'Raza de perro originaria de Escocia'),
		('Bulldog', 'Raza de perro originaria de Inglaterra'),
		('Poodle', 'Raza de perro originaria de Francia'),
		('Dálmata', 'Raza de perro originaria de Croacia'),
		('Chihuahua', 'Raza de perro originaria de México'),
		('Doberman', 'Raza de perro originaria de Alemania'),
		('Beagle', 'Raza de perro originaria de Inglaterra'),
		('Schnauzer', 'Raza de perro originaria de Alemania'),
		('Yorkshire Terrier', 'Raza de perro originaria de Inglaterra'),
		('Boxer', 'Raza de perro originaria de Alemania'),
		('Shar Pei', 'Raza de perro originaria de China'),
		('Bichón Frisé', 'Raza de perro originaria de España'),
		('Husky Siberiano', 'Raza de perro originaria de Rusia'),
		('Bóxer', 'Raza de perro originaria de Alemania'),
		('Collie', 'Raza de perro originaria de Escocia'),
		('Terrier Escocés', 'Raza de perro originaria de Escocia'),
		('Gran Danés', 'Raza de perro originaria de Alemania'),
		('Cocker Spaniel', 'Raza de perro originaria de Inglaterra');
select * from raza;

INSERT INTO tamaño (descripcion) 
VALUES ('Pequeño'),
		('Mediano'),
		('Grande'),
		('Extra Grande'),
		('Toy'),
		('Miniatura'),
		('Standard'),
		('Pequeño-Mediano'),
		('Mediano-Grande'),
		('Muy Pequeño'),
		('Muy Grande'),
		('Pequeño-Grande'),
		('Gigante'),
		('Muy Pequeño-Mediano'),
		('Muy Grande-Mediano'),
		('Pequeño-Extra Grande'),
		('Mediano-Extra Grande'),
		('Muy Pequeño-Grande'),
		('Muy Grande-Extra Grande'),
		('Extra Pequeño');
select * from Tamaño;

INSERT INTO TipoDeServicio (servicio, costo) 
VALUES ('Consulta', 20000),
		('Vacunación', 150.00),
		('Desparasitación', 100.00),
		('Examen de sangre', 350.00),
		('Cirugía', 8000.0),
		('Radiografía', 4500.0),
		('Ecosonograma', 7000.0),
		('Análisis de orina', 2500.0),
		('Control de peso', 1200.0),
		('Baño y peluquería', 3500.0),
		('Limpieza dental', 6000.0),
		('Tratamiento de heridas', 300.00),
		('Ultrasonido', 500.00),
		('Consulta especializada', 300.00),
		('Prueba de alergias', 550.00),
		('Revisión general', 250.00),
		('Chequeo anual', 4500.0),
		('Cuidados post-operatorios', 35000),
		('Tratamiento para pulgas y garrapatas', 2000.0),
		('Control de enfermedades crónicas', 500.00);
select * from TipoDeServicio;

Insert into Servicios(descripcion,id_tipo)
Values ('Consulta',10),
		('Vacunación',20),
		('Desparacitación',9),
		('Examen de sangre',19),
		('Cirugía',8),
		('Radiografía',18),
		('Ecosonograma',7),
		('Análisis de orina',17),
		('Control de peso',7),
		('Baño y peluquería',16),
		('Limpieza dental',6),
		('Tratamiento de heridas',16),
		('Ultrasonido',5),
		('Consulta especializada',15),
		('Prueba de alergías',4),
		('Revisión general',14),
		('Chequeo anual',3),
		('Cuidados post-operatorios',13),
		('Tratamientos para pulgas',12),
		('Control de enfermedades crónicas',2);
select * from Servicios;


INSERT INTO turno (nombre, descripcion) 
VALUES ('Mañana', 'Turno de 8am a 2pm'),
		('Tarde', 'Turno de 2pm a 8pm'),
		('Noche', 'Turno de 8pm a 8am'),
		('24 horas', 'Turno continuo de 24 horas'),
		('Fines de semana', 'Turno los sábados y domingos'),
		('Días feriados', 'Turno en días festivos'),
		('Nocturno', 'Turno desde las 10pm hasta las 6am'),
		('Diurno', 'Turno de 6am a 10pm'),
		('Festivos', 'Turno los días festivos'),
		('Fin de semana', 'Turno los sábados y domingos'),
		('Lunes a viernes', 'Turno de lunes a viernes'),
		('Día', 'Turno de 8am a 6pm'),
		('Noche larga', 'Turno de 10pm a 8am'),
		('24 horas fines de semana', 'Turno continuo de 24 horas los sábados y domingos'),
		('Feriados y fines de semana', 'Turno los días festivos y los sábados y domingos'),
		('Mañana y tarde', 'Turno de 8am a 8pm'),
		('Tarde y noche', 'Turno de 2pm a 8am'),
		('Fin de semana y feriados', 'Turno los sábados, domingos y días festivos'),
		('Feriados', 'Turno en días festivos'),
		('Noche corta', 'Turno de 10pm a 6am');
select * from Turno;

INSERT INTO especialidad (nombre, descripcion) 
VALUES ('Dermatología', 'Especialidad encargada del cuidado de la piel y pelaje de las mascotas.'),
		('Oftalmología', 'Especialidad encargada del cuidado de los ojos de las mascotas.'),
		('Cardiología', 'Especialidad encargada del cuidado del corazón y sistema circulatorio de las mascotas.'),
		('Odontología', 'Especialidad encargada del cuidado dental de las mascotas.'),
		('Cirugía', 'Especialidad encargada de realizar operaciones quirúrgicas en mascotas.'),
		('Neurología', 'Especialidad encargada del cuidado del sistema nervioso de las mascotas.'),
		('Nutrición', 'Especialidad encargada de recomendar una dieta adecuada para cada mascota según sus necesidades.'),
		('Reproducción', 'Especialidad encargada del cuidado y manejo reproductivo de las mascotas.'),
		('Ortopedia', 'Especialidad encargada del cuidado y tratamiento de las lesiones musculoesqueléticas de las mascotas.'),
		('Endocrinología', 'Especialidad encargada del cuidado de los sistemas hormonales de las mascotas.'),
		('Oncología', 'Especialidad encargada del diagnóstico y tratamiento de los tumores en las mascotas.'),
		('Infectología', 'Especialidad encargada del diagnóstico y tratamiento de enfermedades infecciosas en mascotas.'),
		('Anestesiología', 'Especialidad encargada del manejo y control del dolor en mascotas durante procedimientos médicos y quirúrgicos.'),
		('Traumatología', 'Especialidad encargada del cuidado y tratamiento de lesiones traumáticas en mascotas.'),
		('Terapia física', 'Especialidad encargada del tratamiento y recuperación de mascotas con problemas físicos.'),
		('Geriatría', 'Especialidad encargada del cuidado y tratamiento de mascotas de edad avanzada'),
		('Urología', 'Especialidad encargada de estudiar las enfermedades relacionadas con el sistema urinario'),
		('Gastroenterología', 'Especialidad encargada de estudiar las enfermedades relacionadas con el aparato digestivo'),
		('Endocrinología', 'Especialidad encargada de estudiar las enfermedades relacionadas con las glándulas endocrinas'),
		('Pediatría', 'Especialidad encargada de estudiar las enfermedades en niños y adolescentes');
select * from Especialidad;

INSERT INTO Veterinario (rfc,nombre,telefono,correo,turno_id,especialidad_id)
VALUES ('PEGI900823XX','Ivan','5525342779','ivan@gmail.com',1,1),
       ('LOAA870416SM5','Luis','5576453889','Luis@gmail.com',2,1),
	   ('GOMM9504278W0','Francisco','5526354792','Francisco@gmail.com',3,1),
       ('MOLM920427HI2','Carlos','5562341769','Carlos@gmail.com',4,1),
       ('CAMJ861215DF9','María','5562481062','María@gmail.com',5,1),
	   ('GUTA900426GG5','Josúe','5578653428','Josúe@gmail.com',6,2),
       ('MELG850902I44','Jonathan','5575291889','Jonhy@gmail.com',7,3),
	   ('NIGJ840427LH7','Javier','552686542','Javier@gmail.com',1,4),
       ('JENJ900427TG1','Paola','5562347629','Pao@gmail.com',1,5),
	   ('HOGM880427M75','Cinthya','5597992779','Cinthy@gmail.com',2,1),
       ('GALM790427D32','Verónica','5567542679','Vero@gmail.com',3,2),
	   ('FERM830427LH6','Gloria','5598753762','Goya@gmail.com',4,3),
       ('DURJ800427K86','Julieta','5567513506','July@gmail.com',5,4),
       ('CENM920427ML8','Daniel','5573528469','Leinad@gmail.com',8,1),
       ('BANM840427TQ2','Fernando','5556382917','Fercho@gmail.com',9,11),
	   ('ZAGA9004279H9','Fredy','5533662745','Fredy@gmail.com',15,19),
	   ('YEPJ810427M54','Gabriel','5597130756','Gabo@gmail.com',14,16),
       ('VIAJ920427F33','Andrea','5578452645','Andie@gmail.com',12,11),
       ('TORC830426QD9','Diego','5575372890','Diegolin@gmail.com',15,18),
       ('ROAM900427LK2','Jennifer','5578372546','Jenny@gmail.com',17,18);
select * from Veterinario

INSERT INTO DomicilioV(Veterinario_rfc, calle, Nexte, Ninte, cp, municipio) 
VALUES  ('PEGI900823XX', 'Calle de la Amistad', '123', '4A', '01010', 'Coyoacán'),
		('LOAA870416SM5', 'Avenida de la Reforma', '456', 'B10', '06200', 'Cuauhtémoc'),
		('GOMM9504278W0', 'Calle Insurgentes Sur', '789', '3C', '14000', 'Benito Juárez'),
		('MOLM920427HI2', 'Calle de la Felicidad', '321', '2B', '01100', 'Álvaro Obregón'),
		('CAMJ861215DF9', 'Avenida Revolución', '567', 'A8', '01020', 'Tlalpan'),
		('GUTA900426GG5', 'Calle del Progreso', '890', '5D', '09400', 'Iztapalapa'),
		('MELG850902I44', 'Avenida Patriotismo', '432', '1F', '03800', 'Cuauhtémoc'),
		('NIGJ840427LH7', 'Calle de la Libertad', '765', '4E', '01210', 'Azcapotzalco'),
		('ROAM900427LK2', 'Calle de la Paz', '098', '6G', '15000', 'Milpa Alta'),
		('TORC830426QD9', 'Calle del Trabajo', '543', '9H', '13100', 'Tláhuac'),
		('VIAJ920427F33', 'Avenida de los Insurgentes', '876', '7I', '08000', 'Gustavo A. Madero'),
		('YEPJ810427M54', 'Calle de la Esperanza', '210', '2J', '09250', 'Iztacalco'),
		('ZAGA9004279H9', 'Avenida Juárez', '543', '3K', '06000', 'Cuauhtémoc'),
		('BANM840427TQ2', 'Av. Insurgentes Norte', '567', '1', '07000', 'Gustavo A. Madero'),
		('CENM920427ML8', 'Calle Sur 16', '123', '3B', '08000', 'Iztacalco'),
		('DURJ800427K86', 'Calle Oriente 11', '456', '2A', '09000', 'Iztapalapa'),
		('FERM830427LH6', 'Calle Tierra y Libertad', '321', '', '10200', 'La Magdalena Contreras'),
		('GALM790427D32', 'Calle Principal', '12', '', '12000', 'Milpa Alta'),
		('HOGM880427M75', 'Av. Toluca', '5678', '', '01760', 'Álvaro Obregón'),
		('JENJ900427TG1', 'Av. Tláhuac', '789', '4', '13000', 'Tláhuac');
select * from DomicilioV;


INSERT INTO Clientes(nombre, edad, RFC, telefono, correo)
VALUES ('Juan Pérez', 35, 'PEJL890321', '551234567', 'juan.perez@email.com'),
		('Ana García', 28, 'GARA920405', '552345678', 'ana.garcia@email.com'),
		('Pedro Hernández', 42, 'HEPP750818', '553456789', 'pedro.hernandez@email.com'),
		('María Torres', 50, 'TOMM690716', '554567890', 'maria.torres@email.com'),
		('Sergio Méndez', 37, 'MEPS831014', '555678901', 'sergio.mendez@email.com'),
		('Luisa García', 42, 'GALM790625', '556789012', 'luisa.garcia@email.com'),
		('Jorge Morales', 29, 'MORJ911105', '557890123', 'jorge.morales@email.com'),
		('Martha Gómez', 46, 'GOMM750929', '558901234', 'martha.gomez@email.com'),
		('Ricardo Sánchez', 38, 'SARJ831219', '559012345', 'ricardo.sanchez@email.com'),
		('Laura Juárez', 25, 'JUAL960831', '550123456', 'laura.juarez@email.com'),
		('Oscar Martínez', 33, 'MAOO890615', '551234567', 'oscar.martinez@email.com'),
		('Carla Flores', 31, 'FOCC900510', '552345678', 'carla.flores@email.com'),
		('Raúl Pérez', 48, 'PERA730315', '553456789', 'raul.perez@email.com'),
		('Ana González', 32, 'GOZA870101345', '551234567', 'ana.gonzalez@example.com'),
		('Miguel Hernández', 45, 'HEMM751212123', '552345678', 'miguel.hernandez@example.com'),
		('María López', 27, 'LOMM940203876', '553456789', 'maria.lopez@example.com'),
		('Carlos Sánchez', 50, 'SACO700321423', '554567890', 'carlos.sanchez@example.com'),
		('Verónica Rodríguez', 38, 'ROVV810627923', '555678901', 'veronica.rodriguez@example.com'),
		('Javier Ramírez', 29, 'RAJJ920219765', '556789012', 'javier.ramirez@example.com'),
		('Sofía Gómez', 43, 'GOSS780724123', '557890123', 'sofia.gomez@example.com');
select * from Clientes;

Insert into Mascotas(nombre,edad,peso,color,sexo,raza_id,cliente_id,tamaño_id)
Values ('Laika',13,25,'café',1,1,2,3),
	   ('Pechuga',7,25,'blanco',0,2,3,4),
   	   ('Rito',9,23,'miel',1,3,4,5),
	   ('Max',15,27,'miel',1,4,5,6),
	   ('Peluchina',11,15,'gris',0,5,6,7),
	   ('Shoulder',12,25,'blanco',0,6,7,8),
	   ('Ramón',15,30,'amarillo',1,7,8,9),
	   ('Firulais',14,27,'negro',1,8,9,10),
	   ('Benito',13,20,'gris',1,9,10,11),
	   ('Duque',14,22,'negro',1,10,11,12),
	   ('Princesa',15,25,'blanco',0,11,12,13),
	   ('Zoe',13,25,'café',0,12,13,14),
	   ('Kiara',13,27,'gris',0,13,14,15),
	   ('Goofy',12,22,'amarillo',1,14,15,16),
	   ('Gary',17,21,'café',1,15,16,17),
	   ('Scooby',10,15,'café',1,16,17,18),
	   ('Chocolate',9,24,'café',0,17,18,19),
	   ('Loki',12,23,'negro',1,18,19,20),
	   ('Mila',11,20,'blanco',0,19,20,1),
	   ('Mike',14,20,'café',1,20,1,2);
select * from Mascotas;

INSERT INTO Signos (peso, temperatura) 
VALUES  ('4.5 kg', '37.2 °C'),
		('12.3 kg', '38.1 °C'),
		('6.8 kg', '39.5 °C'),
		('3.2 kg', '36.9 °C'),
		('9.1 kg', '37.8 °C'),
		('15.6 kg', '36.5 °C'),
		('7.8 kg', '38.7 °C'),
		('2.9 kg', '39.3 °C'),
		('5.4 kg', '37.1 °C'),
		('11.7 kg', '38.5 °C'),
		('13.8 kg', '39.8 °C'),
		('8.2 kg', '37.4 °C'),
		('4.6 kg', '38.9 °C'),
		('10.5 kg', '36.7 °C'),
		('6.3 kg', '39.1 °C'),
		('2.1 kg', '37.9 °C'),
		('14.2 kg', '38.3 °C'),
		('9.8 kg', '36.8 °C'),
		('5.9 kg', '39.4 °C'),
		('11.3 kg', '37.6 °C');
select * from Signos;

INSERT INTO DomicilioC(cliente_id, calle, noexte, nointe, cp, municipio) 
VALUES (1, 'Calle de la Amistad', '123', '4A', '01010', 'Coyoacán'),
		(2, 'Avenida de la Reforma', '456', 'B10', '06200', 'Cuauhtémoc'),
		(3, 'Calle Insurgentes Sur', '789', '3C', '14000', 'Benito Juárez'),
		(4, 'Calle de la Felicidad', '321', '2B', '01100', 'Álvaro Obregón'),
		(5, 'Avenida Revolución', '567', 'A8', '01020', 'Tlalpan'),
		(6, 'Calle del Progreso', '890', '5D', '09400', 'Iztapalapa'),
		(7, 'Avenida Patriotismo', '432', '1F', '03800', 'Cuauhtémoc'),
		(8, 'Calle de la Libertad', '765', '4E', '01210', 'Azcapotzalco'),
		(9, 'Calle de la Paz', '098', '6G', '15000', 'Milpa Alta'),
		(10, 'Calle del Trabajo', '543', '9H', '13100', 'Tláhuac'),
		(11, 'Avenida de los Insurgentes', '876', '7I', '08000', 'Gustavo A. Madero'),
		(12, 'Calle de la Esperanza', '210', '2J', '09250', 'Iztacalco'),
		(13, 'Avenida Juárez', '543', '3K', '06000', 'Cuauhtémoc'),
		(14, 'Av. Insurgentes Norte', '567', '1', '07000', 'Gustavo A. Madero'),
		(15, 'Calle Sur 16', '123', '3B', '08000', 'Iztacalco'),
		(16, 'Calle Oriente 11', '456', '2A', '09000', 'Iztapalapa'),
		(17, 'Calle Tierra y Libertad', '321', '', '10200', 'La Magdalena Contreras'),
		(18, 'Calle Principal', '12', '', '12000', 'Milpa Alta'),
		(19, 'Av. Toluca', '5678', '', '01760', 'Álvaro Obregón'),
		(20, 'Av. Tláhuac', '789', '4', '13000', 'Tláhuac');
select * from DomicilioC;

insert into Historial(Sintomas, Tratamiento,id_signos)
values ('infeccion oral','extraccion',5),
		('infeccion de oidos','limpieza',2),
		('dermatitis','suero de piel',1),
		('parvovirus','desparasitante',1),
		('obesidad','hacer ejercicio',3),
		('vomito rojo','inyecciones',5),
		('tos cronica','polvos',4),
		('demasiada sed','suero',3),
		('mal peaje','baño constante',1),
		('patita rota','vendaje yeso',2),
		('dermatitis','suero de piel',3),
		('vomito','inyecciones',5),
		('mucha cera en oidos','limpieza',4),
		('epilapsia','inyecciones',1),
		('infeccion oral','extraccion',3),
		('demasiada sed','suero',1),
		('parvovirus','desparasitante',2),
		('rabia','vacuna',5),
		('gusanos en el estomago','desparasitante',4),
		('ataques de epilepsia','inyecciones',1);
select * from Historial;

insert into Detalles(mascota_id,servicio_id,Historial_id,Duracion, fecha, descripcion)
values  (1,2,1,'1 horas','2022-12-08','cirugia para remover la matriz'),
		(2,4,2,'10 minutos','2023-02-15','vacuna contra la rabia'),
		(3,5,3,'1 hora','2023-02-14','castracion'),
		(4,1,4,'2 horas','2023-02-13','estetica canina'),
		(5,2,5,'40 minutos','2023-02-12','cirugia para remover la matriz'),
		(6,4,6,'10 minutos','2023-02-11','vacuna contra la rabia'),
		(7,5,7,'2 horas','2023-02-10','castracion'),
		(8,3,8,'25 minutos','2023-02-09','examen medico'),
		(9,3,9,'25 minutos','2023-02-08','examen medico'),
		(10,2,10,'50 minutos','2023-01-27','cirugia para remover la matriz'),
		(2,4,11,'15 minutos','2023-01-28','vacuna contra la rabia'),
		(4,5,12,'1 hora','2023-01-29','castracion'),
		(6,1,13,'2 horas','2023-01-30','estetica canina'),
		(7,2,14,'1 hora','2023-02-02','cirugia para remover la matriz'),
		(2,4,15,'10 minutos','2023-02-03','vacuna contra la rabia'),
		(1,5,16,'1 hora','2023-02-05','castracion'),
		(6,1,17,'2 horas','2023-02-04','estetica canina'),
		(8,3,18,'30 minutos','2023-02-01','examen medico'),
		(10,5,19,'1 hora','2023-02-01','castracion'),
		(4,1,20,'2 horas','2023-01-31','estetica canina');
select * from Detalles;

insert into Atendido(folio_id,veterinario_id)
values (1,'PEGI900823XX'),
	   (2,'LOAA870416SM5'),
	   (3,'GOMM9504278W0'),
	   (4,'MOLM920427HI2'),
	   (5,'CAMJ861215DF9'),
	   (6,'GUTA900426GG5'),
	   (7,'MELG850902I44'),
	   (8,'NIGJ840427LH7'),
	   (9,'JENJ900427TG1'),
	   (10,'HOGM880427M75'),
	   (11,'GALM790427D32'),
	   (12,'FERM830427LH6'),
	   (13,'DURJ800427K86'),
	   (14,'CENM920427ML8'),
	   (15,'BANM840427TQ2'),
	   (16,'ZAGA9004279H9'),
	   (17,'YEPJ810427M54'),
	   (18,'VIAJ920427F33'),
	   (19,'TORC830426QD9'),
	   (20,'ROAM900427LK2');
select * from Atendido;
